1,TV 1
2,TV 2
3,TV 3
4,TV 4
5,TV 5
6,TV 6
7,TV 7
8,TV 8
9,TV 9
10,TV 10
11,TV 11
12,TV 12
13,TV 13
14,TV 14
15,TV 15
16,TV 16
17,TV 17
18,TV 18
19,TV 19
20,TV 20
21,TV 21
22,TV 22
23,TV 23
24,TV 24
25,TV 25
26,TV 26
27,TV 27
28,TV 28
29,TV 29
30,TV 30
31,TV 31
32,TV 32
33,TV 33
34,TV 34
35,TV 35
36,TV 36
37,TV 37
38,TV 38
39,TV 39
40,TV 40
41,TV 41
42,TV 42
43,TV 43
44,TV 44
45,TV 45
46,TV 46
47,TV 47
48,TV 48
49,TV 49
50,TV 50
51,TV 51
52,TV 52
53,TV 53
54,TV 54
55,TV 55
56,TV 56
57,TV 57
58,TV 58
59,TV 59
60,TV 60
61,TV 61
62,TV 62
63,TV 63
64,TV 64
65,TV 65
66,TV 66
67,TV 67
68,TV 68
69,TV 69
70,TV 70
71,TV 71
72,TV 72
73,TV 73
74,TV 74
75,TV 75
76,TV 76
77,TV 77
78,TV 78
79,TV 79
80,TV 80
81,TV 81
82,TV 82
83,TV 83
84,TV 84
85,TV 85
86,TV 86
87,TV 87
88,TV 88
89,TV 89
90,TV 90
91,TV 91
92,TV 92
93,TV 93
94,TV 94
95,TV 95
96,TV 96
97,TV 97
98,TV 98
99,TV 99
100,TV 100
